"","k__;p__;c__;o__;f__;g__","k__Bacteria;p__;c__;o__;f__;g__","k__Bacteria;p__Actinobacteria;c__Actinobacteria;o__Bifidobacteriales;f__Bifidobacteriaceae;g__Bifidobacterium","k__Bacteria;p__Actinobacteria;c__Actinobacteria;o__Coriobacteriales;f__Coriobacteriaceae;g__","k__Bacteria;p__Actinobacteria;c__Actinobacteria;o__Coriobacteriales;f__Coriobacteriaceae;g__Adlercreutzia","k__Bacteria;p__Actinobacteria;c__Actinobacteria;o__Coriobacteriales;f__Coriobacteriaceae;g__Atopobium","k__Bacteria;p__Actinobacteria;c__Actinobacteria;o__Coriobacteriales;f__Coriobacteriaceae;g__Collinsella","k__Bacteria;p__Bacteroidetes;c__;o__;f__;g__","k__Bacteria;p__Bacteroidetes;c__Bacteroidia;o__Bacteroidales;f__Bacteroidaceae;g__Bacteroides","k__Bacteria;p__Bacteroidetes;c__Bacteroidia;o__Bacteroidales;f__Porphyromonadaceae;g__","k__Bacteria;p__Bacteroidetes;c__Bacteroidia;o__Bacteroidales;f__Porphyromonadaceae;g__Barnesiella","k__Bacteria;p__Bacteroidetes;c__Bacteroidia;o__Bacteroidales;f__Porphyromonadaceae;g__Butyricimonas","k__Bacteria;p__Bacteroidetes;c__Bacteroidia;o__Bacteroidales;f__Porphyromonadaceae;g__Odoribacter","k__Bacteria;p__Bacteroidetes;c__Bacteroidia;o__Bacteroidales;f__Porphyromonadaceae;g__Parabacteroides","k__Bacteria;p__Bacteroidetes;c__Bacteroidia;o__Bacteroidales;f__Prevotellaceae;g__","k__Bacteria;p__Bacteroidetes;c__Bacteroidia;o__Bacteroidales;f__Prevotellaceae;g__Paraprevotella","k__Bacteria;p__Bacteroidetes;c__Bacteroidia;o__Bacteroidales;f__Prevotellaceae;g__Prevotella","k__Bacteria;p__Candidatus_Saccharibacteria;c__;o__;f__;g__Saccharibacteria_genera_incertae_sedis","k__Bacteria;p__Cyanobacteria/Chloroplast;c__Chloroplast;o__;f__Chloroplast;g__Streptophyta","k__Bacteria;p__Firmicutes;c__;o__;f__;g__","k__Bacteria;p__Firmicutes;c__Bacilli;o__Bacillales;f__Bacillales_Incertae_Sedis_XI;g__Gemella","k__Bacteria;p__Firmicutes;c__Bacilli;o__Lactobacillales;f__Carnobacteriaceae;g__Granulicatella","k__Bacteria;p__Firmicutes;c__Bacilli;o__Lactobacillales;f__Enterococcaceae;g__Enterococcus","k__Bacteria;p__Firmicutes;c__Bacilli;o__Lactobacillales;f__Lactobacillaceae;g__Lactobacillus","k__Bacteria;p__Firmicutes;c__Bacilli;o__Lactobacillales;f__Streptococcaceae;g__Lactococcus","k__Bacteria;p__Firmicutes;c__Bacilli;o__Lactobacillales;f__Streptococcaceae;g__Streptococcus","k__Bacteria;p__Firmicutes;c__Clostridia;o__;f__;g__","k__Bacteria;p__Firmicutes;c__Clostridia;o__Clostridiales;f__;g__","k__Bacteria;p__Firmicutes;c__Clostridia;o__Clostridiales;f__Clostridiaceae_1;g__Clostridium_sensu_stricto","k__Bacteria;p__Firmicutes;c__Clostridia;o__Clostridiales;f__Clostridiales_Incertae_Sedis_XI;g__Anaerococcus","k__Bacteria;p__Firmicutes;c__Clostridia;o__Clostridiales;f__Clostridiales_Incertae_Sedis_XI;g__Parvimonas","k__Bacteria;p__Firmicutes;c__Clostridia;o__Clostridiales;f__Clostridiales_Incertae_Sedis_XI;g__Peptoniphilus","k__Bacteria;p__Firmicutes;c__Clostridia;o__Clostridiales;f__Clostridiales_Incertae_Sedis_XIII;g__","k__Bacteria;p__Firmicutes;c__Clostridia;o__Clostridiales;f__Clostridiales_Incertae_Sedis_XIII;g__Anaerovorax","k__Bacteria;p__Firmicutes;c__Clostridia;o__Clostridiales;f__Eubacteriaceae;g__Anaerofustis","k__Bacteria;p__Firmicutes;c__Clostridia;o__Clostridiales;f__Eubacteriaceae;g__Eubacterium","k__Bacteria;p__Firmicutes;c__Clostridia;o__Clostridiales;f__Lachnospiraceae;g__","k__Bacteria;p__Firmicutes;c__Clostridia;o__Clostridiales;f__Lachnospiraceae;g__Anaerostipes","k__Bacteria;p__Firmicutes;c__Clostridia;o__Clostridiales;f__Lachnospiraceae;g__Blautia","k__Bacteria;p__Firmicutes;c__Clostridia;o__Clostridiales;f__Lachnospiraceae;g__Clostridium_XlVa","k__Bacteria;p__Firmicutes;c__Clostridia;o__Clostridiales;f__Lachnospiraceae;g__Clostridium_XlVb","k__Bacteria;p__Firmicutes;c__Clostridia;o__Clostridiales;f__Lachnospiraceae;g__Howardella","k__Bacteria;p__Firmicutes;c__Clostridia;o__Clostridiales;f__Lachnospiraceae;g__Lachnoanaerobaculum","k__Bacteria;p__Firmicutes;c__Clostridia;o__Clostridiales;f__Lachnospiraceae;g__Lachnospiracea_incertae_sedis","k__Bacteria;p__Firmicutes;c__Clostridia;o__Clostridiales;f__Lachnospiraceae;g__Roseburia","k__Bacteria;p__Firmicutes;c__Clostridia;o__Clostridiales;f__Lachnospiraceae;g__Ruminococcus2","k__Bacteria;p__Firmicutes;c__Clostridia;o__Clostridiales;f__Lachnospiraceae;g__Syntrophococcus","k__Bacteria;p__Firmicutes;c__Clostridia;o__Clostridiales;f__Peptococcaceae_1;g__Peptococcus","k__Bacteria;p__Firmicutes;c__Clostridia;o__Clostridiales;f__Peptostreptococcaceae;g__","k__Bacteria;p__Firmicutes;c__Clostridia;o__Clostridiales;f__Peptostreptococcaceae;g__Clostridium_XI","k__Bacteria;p__Firmicutes;c__Clostridia;o__Clostridiales;f__Ruminococcaceae;g__","k__Bacteria;p__Firmicutes;c__Clostridia;o__Clostridiales;f__Ruminococcaceae;g__Anaerofilum","k__Bacteria;p__Firmicutes;c__Clostridia;o__Clostridiales;f__Ruminococcaceae;g__Anaerotruncus","k__Bacteria;p__Firmicutes;c__Clostridia;o__Clostridiales;f__Ruminococcaceae;g__Butyricicoccus","k__Bacteria;p__Firmicutes;c__Clostridia;o__Clostridiales;f__Ruminococcaceae;g__Clostridium_IV","k__Bacteria;p__Firmicutes;c__Clostridia;o__Clostridiales;f__Ruminococcaceae;g__Ethanoligenens","k__Bacteria;p__Firmicutes;c__Clostridia;o__Clostridiales;f__Ruminococcaceae;g__Faecalibacterium","k__Bacteria;p__Firmicutes;c__Clostridia;o__Clostridiales;f__Ruminococcaceae;g__Flavonifractor","k__Bacteria;p__Firmicutes;c__Clostridia;o__Clostridiales;f__Ruminococcaceae;g__Oscillibacter","k__Bacteria;p__Firmicutes;c__Clostridia;o__Clostridiales;f__Ruminococcaceae;g__Pseudoflavonifractor","k__Bacteria;p__Firmicutes;c__Clostridia;o__Clostridiales;f__Ruminococcaceae;g__Ruminococcus","k__Bacteria;p__Firmicutes;c__Clostridia;o__Clostridiales;f__Ruminococcaceae;g__Subdoligranulum","k__Bacteria;p__Firmicutes;c__Erysipelotrichia;o__Erysipelotrichales;f__Erysipelotrichaceae;g__","k__Bacteria;p__Firmicutes;c__Erysipelotrichia;o__Erysipelotrichales;f__Erysipelotrichaceae;g__Catenibacterium","k__Bacteria;p__Firmicutes;c__Erysipelotrichia;o__Erysipelotrichales;f__Erysipelotrichaceae;g__Clostridium_XVIII","k__Bacteria;p__Firmicutes;c__Erysipelotrichia;o__Erysipelotrichales;f__Erysipelotrichaceae;g__Coprobacillus","k__Bacteria;p__Firmicutes;c__Erysipelotrichia;o__Erysipelotrichales;f__Erysipelotrichaceae;g__Erysipelotrichaceae_incertae_sedis","k__Bacteria;p__Firmicutes;c__Erysipelotrichia;o__Erysipelotrichales;f__Erysipelotrichaceae;g__Holdemania","k__Bacteria;p__Firmicutes;c__Erysipelotrichia;o__Erysipelotrichales;f__Erysipelotrichaceae;g__Turicibacter","k__Bacteria;p__Firmicutes;c__Negativicutes;o__Selenomonadales;f__Acidaminococcaceae;g__Acidaminococcus","k__Bacteria;p__Firmicutes;c__Negativicutes;o__Selenomonadales;f__Acidaminococcaceae;g__Phascolarctobacterium","k__Bacteria;p__Firmicutes;c__Negativicutes;o__Selenomonadales;f__Acidaminococcaceae;g__Succinispira","k__Bacteria;p__Firmicutes;c__Negativicutes;o__Selenomonadales;f__Veillonellaceae;g__Dialister","k__Bacteria;p__Firmicutes;c__Negativicutes;o__Selenomonadales;f__Veillonellaceae;g__Veillonella","k__Bacteria;p__Fusobacteria;c__Fusobacteriia;o__Fusobacteriales;f__Fusobacteriaceae;g__Clostridium_XIX","k__Bacteria;p__Fusobacteria;c__Fusobacteriia;o__Fusobacteriales;f__Fusobacteriaceae;g__Fusobacterium","k__Bacteria;p__Proteobacteria;c__;o__;f__;g__","k__Bacteria;p__Proteobacteria;c__Alphaproteobacteria;o__;f__;g__","k__Bacteria;p__Proteobacteria;c__Betaproteobacteria;o__Burkholderiales;f__Comamonadaceae;g__Acidovorax","k__Bacteria;p__Proteobacteria;c__Betaproteobacteria;o__Burkholderiales;f__Sutterellaceae;g__Parasutterella","k__Bacteria;p__Proteobacteria;c__Betaproteobacteria;o__Burkholderiales;f__Sutterellaceae;g__Sutterella","k__Bacteria;p__Proteobacteria;c__Deltaproteobacteria;o__Desulfovibrionales;f__Desulfovibrionaceae;g__Desulfovibrio","k__Bacteria;p__Proteobacteria;c__Epsilonproteobacteria;o__Campylobacterales;f__Campylobacteraceae;g__Campylobacter","k__Bacteria;p__Proteobacteria;c__Gammaproteobacteria;o__Enterobacteriales;f__Enterobacteriaceae;g__","k__Bacteria;p__Proteobacteria;c__Gammaproteobacteria;o__Enterobacteriales;f__Enterobacteriaceae;g__Citrobacter","k__Bacteria;p__Proteobacteria;c__Gammaproteobacteria;o__Enterobacteriales;f__Enterobacteriaceae;g__Escherichia/Shigella","k__Bacteria;p__Proteobacteria;c__Gammaproteobacteria;o__Pasteurellales;f__Pasteurellaceae;g__Haemophilus","k__Bacteria;p__Verrucomicrobia;c__Verrucomicrobiae;o__Verrucomicrobiales;f__Verrucomicrobiaceae;g__Akkermansia"
"F-034C1A",0,1,33,1,0,0,0,0,966,0,250,0,89,0,0,0,3,0,0,12,0,0,0,0,2,7,9,87,57,0,1,0,9,2,0,1,40,0,118,13,0,0,0,60,4,130,14,0,0,2292,280,7,1,0,7,0,12,9,51,0,377,16,76,0,11,0,21,3,30,99,1,6,0,0,0,0,0,0,0,13,0,0,0,0,0,0,0,0
"A16",0,38,9,0,0,0,0,1,4030,2,1,1,4,34,3,0,0,0,0,1,0,0,0,0,1,2,1,90,31,0,0,0,2,1,0,1,112,0,93,19,0,0,0,362,21,139,99,0,0,447,521,1,0,0,4,0,42,3,24,4,76,2,10,0,9,1,2,1,3,0,23,0,2,0,0,0,0,1,0,1,0,0,0,2,0,0,1,2
"F-053-C1U",0,9,2,0,0,0,0,0,2001,1,0,0,5,89,0,0,0,0,0,4,0,0,0,0,0,23,3,16,93,0,1,0,2,0,0,0,82,0,161,20,0,0,0,103,16,160,25,0,0,474,621,3,0,0,4,0,417,4,37,8,396,1,200,0,0,3,13,3,4,0,21,0,0,0,0,0,0,0,0,0,0,0,3,0,0,1,0,0
"F-033C1A",0,70,17,1,0,0,0,0,2787,4,0,14,4,55,0,0,0,0,0,3,0,0,0,0,0,1,6,35,390,0,0,0,2,0,0,0,50,0,48,3,0,0,0,62,188,25,97,0,0,220,105,0,0,4,3,0,160,7,19,3,29,10,0,0,72,2,0,1,197,0,23,0,96,0,0,0,91,0,0,0,134,0,0,0,0,0,0,30
"F-006C1A",0,221,4,0,0,0,5,7,499,8,42,0,21,72,0,0,0,0,0,45,0,0,0,0,0,24,7,616,5,0,0,0,4,2,0,0,20,0,64,6,0,0,0,68,3,104,8,0,0,51,386,4,0,1,8,0,73,6,24,1,261,4,44,0,2,2,3,0,3,0,7,0,1,0,0,0,16,0,0,2,3,0,0,0,0,1,0,5
"F-051-C2U",0,69,4,0,0,0,0,1,2831,0,4,4,0,1,0,0,0,0,0,7,0,0,0,0,0,6,0,73,20,0,0,0,0,0,0,0,134,0,94,16,0,0,0,158,167,215,57,0,3,451,73,0,0,1,0,0,509,0,7,0,35,1,133,0,16,0,37,0,25,0,12,0,0,2,0,0,0,0,0,0,39,0,0,2,0,3,5,0
"F-044-C1A",0,2,1,0,0,0,0,0,4546,0,0,0,25,25,0,0,0,0,0,10,1,0,0,0,0,38,0,11,47,0,0,0,0,1,0,0,77,0,80,13,1,0,0,101,191,88,22,0,2,472,412,0,0,2,1,0,60,1,5,4,131,0,90,0,16,0,2,1,46,0,1,0,12,8,0,0,0,0,0,10,0,0,0,0,0,1,0,1
"N17",0,856,1,0,0,0,0,1,4520,2,28,1,23,71,0,0,0,0,0,18,0,0,0,0,1,2,5,339,1262,0,1,0,1,0,0,0,156,0,164,22,4,0,0,55,12,81,17,0,0,64,3216,4,5,0,15,0,267,1,744,3,62,4,94,22,6,0,3,2,62,0,1,0,1,0,0,0,1,2,0,8,1,27,0,0,0,0,1,1
"F-050-C2U",0,8,0,0,0,0,0,8,16,4,0,0,0,45,3,0,0,0,0,1,0,0,0,25,0,40,6,150,32,0,0,0,0,0,0,0,64,2,1425,43,0,0,0,95,202,0,119,0,0,495,45,12,0,3,0,0,0,34,20,1,0,0,2,0,67,2,98,3,178,0,0,0,4,6,0,0,0,0,0,1,0,0,3,0,0,12,33,0
"F-049-C1U",0,1226,3,0,0,0,0,3,723,0,0,1,36,109,0,10,83,0,0,21,0,0,0,7,0,1,0,195,23,0,0,0,1,4,0,0,130,0,61,12,3,3,0,81,47,46,16,0,0,188,352,0,0,0,19,0,241,0,69,0,42,1,4,631,1,0,186,0,41,0,0,1,0,0,0,0,17,0,0,4,12,0,1,0,0,9,0,0
"F-022C1A",0,26,2,3,2,0,9,0,3234,0,106,0,10,64,0,0,0,1,0,9,1,0,0,0,0,2,1,647,3,0,0,0,0,0,0,0,129,0,19,12,0,0,0,81,6,20,14,0,0,347,228,8,0,0,3,0,148,3,168,1,77,7,9,0,0,0,2,1,8,0,0,0,4,0,0,0,0,0,0,2,0,0,0,0,0,0,0,1
"F-037-C2U",0,27,105,0,0,0,1,2,2319,9,35,25,0,42,0,0,0,0,0,5,0,1,0,2,0,25,0,61,0,0,0,0,2,0,0,0,135,0,133,19,28,0,0,125,28,270,36,0,0,4,100,0,0,4,5,0,402,4,6,0,19,4,67,0,3,0,1,2,0,0,0,0,47,2,0,0,0,0,0,38,0,0,0,0,0,0,0,0
"F-027C1A",0,28,0,0,0,0,0,0,5468,0,33,0,3,33,0,0,0,0,0,1,0,0,0,0,0,4,0,10,7,0,0,0,6,0,0,0,176,0,119,3,0,0,0,296,32,91,11,0,0,97,62,2,0,4,0,0,561,3,1,5,20,2,1,0,13,3,3,2,1,0,24,0,0,0,0,0,0,0,0,5,0,0,0,0,0,0,0,9
"N16",0,24,1,0,0,0,0,1,5036,2,1,1,23,322,0,0,0,0,5,11,0,0,0,0,1,28,1,41,55,0,0,0,1,0,0,0,132,0,62,35,21,0,0,275,12,270,17,0,0,164,60,0,0,0,2,0,410,9,39,0,381,2,36,22,3,0,3,2,62,0,1,0,19,0,0,0,1,2,0,4,1,0,0,0,0,0,1,4
"F-016C1A",0,101,0,0,0,0,0,0,123,1,0,0,0,25,0,6,0,0,0,6,0,0,0,0,0,5,74,89,1,0,0,0,0,1,0,0,53,0,11,11,0,0,0,205,93,76,5,0,0,0,1815,0,0,0,30,1,141,1,559,0,9,7,0,0,7,0,0,3,0,0,19,0,0,1,0,0,0,0,0,0,3,0,0,0,0,0,0,5
"F-015C1A",0,20,0,0,0,0,0,0,287,7,0,0,0,4,2,0,0,0,0,11,0,0,0,0,0,0,0,335,46,0,0,0,1,2,0,0,40,0,30,24,0,0,0,93,8,39,9,0,0,5,1713,0,0,0,31,2,418,0,540,0,70,19,18,0,12,0,0,2,0,0,2,0,65,0,0,0,0,0,0,1,0,0,0,0,0,0,0,1
"F-041-C1A",0,11,22,0,0,0,0,0,1960,3,46,9,2,62,0,0,0,1,0,9,0,0,0,0,0,11,0,36,28,0,0,0,0,0,0,0,150,0,61,14,0,0,0,76,162,157,62,0,0,510,225,3,0,13,4,0,169,2,9,0,49,9,76,0,12,0,4,2,2,0,0,0,0,1,0,0,0,0,0,22,0,0,0,0,0,1,2,5
"N02",0,24,12,0,0,0,0,1,2770,2,1,1,4,60,0,0,0,1,0,76,0,0,0,0,1,12,1,64,55,0,0,0,1,1,0,0,78,0,62,6,0,0,0,103,202,81,17,0,0,132,89,3,0,1,0,0,193,3,33,0,5,6,51,22,1,0,0,1,21,0,13,0,1,0,0,0,1,2,0,4,66,0,0,1,0,0,1,4
"A01",0,6,65,0,0,0,0,1,1384,2,1,1,4,51,3,0,0,0,0,30,1,7,0,12,1,45,1,31,31,0,0,0,2,5,0,0,28,0,256,24,0,0,0,90,21,66,20,0,0,1360,37,1,0,13,1,0,509,4,7,1,83,19,198,0,72,1,0,1,176,0,1,0,76,5,0,0,0,1,0,70,0,0,0,1,0,0,23,1
"A13",0,6,0,0,0,0,0,1,5914,2,1,1,33,230,3,0,0,0,0,1,0,0,0,0,1,2,1,10,31,0,0,0,2,0,0,0,18,0,93,19,0,1,0,162,21,66,20,0,0,50,31,1,0,0,27,0,158,7,9,0,112,0,10,0,1,0,0,0,3,0,1,0,19,0,10,0,0,1,0,44,0,0,0,0,0,0,1,0
"F-016C2U",0,2,7,0,0,0,0,0,1530,33,0,0,6,51,0,15,6,0,0,4,0,0,0,0,0,5,0,45,8,0,0,0,0,1,0,0,17,0,12,8,0,0,0,64,18,52,71,0,0,626,255,2,0,1,84,0,48,3,1305,0,50,1,3,0,3,0,0,10,0,0,223,0,0,0,0,0,0,0,0,8,0,0,0,0,0,0,0,8
"F-029C1A",0,1025,10,0,0,0,0,0,4527,0,0,5,18,108,0,0,0,0,0,12,1,0,0,0,1,5,0,37,1,0,0,0,1,0,0,0,40,0,125,21,1,0,0,96,22,110,28,0,0,9,391,0,0,1,0,0,372,1,9,0,103,23,79,0,7,1,0,1,2,0,0,0,4,0,0,0,0,32,0,5,0,0,0,0,0,0,0,9
"F-039-C1A",0,175,2,0,0,0,1,0,1880,0,0,0,10,23,0,0,1531,0,0,1,0,0,0,0,0,1,1,16,1,0,0,0,0,0,0,0,88,0,70,21,0,0,0,98,16,79,4,0,0,62,67,1,0,6,1,0,70,2,10,0,123,18,61,2,1,0,49,0,0,0,0,0,0,0,0,0,0,0,0,1,53,0,0,0,0,0,0,1
"F-011C1A",0,5,1,0,0,0,0,0,8044,2,0,0,0,114,0,0,0,0,0,8,0,0,0,0,0,0,0,18,0,0,0,0,29,0,0,0,46,0,237,8,0,0,0,320,2,52,4,0,0,5,23,1,0,0,216,1,78,1,22,2,97,0,185,0,3,0,0,2,0,0,0,0,2,0,0,0,0,8,0,0,10,2,0,0,0,0,0,42
"F-019C2U",0,24,53,0,0,0,0,0,1797,0,6,0,0,172,0,4,1,0,0,9,0,0,0,0,0,46,0,5,269,0,0,0,0,0,0,0,144,0,94,10,0,0,0,76,199,128,67,0,0,915,33,0,0,3,0,0,308,0,2,0,1,0,0,0,9,0,2,0,9,0,0,18,0,0,0,0,0,0,0,22,0,0,0,0,0,0,9,0
"N01",0,1172,1,0,0,0,0,1,4321,20,1,24,23,188,0,8,10,0,0,14,0,0,0,0,1,2,6,284,55,0,0,0,28,0,0,0,79,0,62,6,2,0,0,150,38,81,17,0,0,57,372,0,0,4,1,0,830,0,74,2,74,1,23,22,1,0,0,0,2,0,1,0,98,0,0,0,1,2,0,1,43,27,0,0,0,0,1,4
"F-055-C1U",0,2,6,0,0,0,0,0,4388,0,0,0,1,183,2,32,1983,0,0,0,0,0,0,12,7,5,0,2,0,0,0,0,0,0,0,0,61,0,128,25,4,1,0,90,2,73,4,0,0,105,3,0,0,1,0,0,20,0,4,0,0,1,8,505,1,0,33,0,9,0,17,0,1,0,0,0,0,0,0,1,87,0,0,0,0,0,0,0
"F065-C1A",0,174,7,0,0,0,0,0,1881,0,31,6,15,231,0,0,512,0,0,6,0,0,0,0,0,10,0,79,2,0,0,0,0,0,0,0,121,0,100,19,3,0,0,117,45,81,24,0,2,314,526,6,0,1,3,0,57,4,16,2,0,5,70,0,7,0,3,0,11,0,67,0,3,1,0,0,0,0,0,0,33,0,0,0,0,0,0,0
"N07",0,10,11,0,0,0,0,1,854,2,39,1,23,88,0,0,692,0,0,7,0,0,0,0,1,5,1,54,55,0,0,0,1,0,0,0,24,0,62,22,0,0,0,87,12,81,17,0,0,16,160,0,0,2,22,0,125,0,70,7,80,1,15,631,1,0,0,2,2,0,223,0,1,0,0,0,1,2,0,1,90,0,0,0,0,0,1,0
"N15",0,3,1,0,0,0,0,1,3911,2,1,1,4,137,0,32,1228,0,0,4,0,0,0,0,1,5,1,41,55,0,0,0,1,0,0,0,190,0,62,6,10,0,0,106,76,81,17,0,0,16,133,0,0,2,2,0,1389,6,20,2,5,8,5,22,1,0,0,0,2,0,1,0,88,0,0,0,1,2,0,1,88,0,0,0,0,0,1,3
"N18",0,10,2,0,0,0,0,1,576,2,1,1,4,12,0,0,0,0,0,1,0,0,1,0,1,2,1,4,55,0,0,0,1,0,0,0,24,0,62,16,0,0,0,67,12,81,17,0,0,57,5,0,0,0,0,0,9,0,3,0,5,1,5,22,1,0,0,2,2,0,10,0,1,0,0,0,1,81,0,1,1,0,0,2,0,0,1,3
"N13",0,3,18,0,0,0,0,1,6438,2,1,1,4,42,0,0,0,0,0,5,0,0,0,0,1,5,1,11,55,0,0,0,1,0,0,2,49,0,62,22,27,0,0,30,12,81,17,0,0,80,120,0,0,3,0,0,174,6,3,0,5,0,133,22,1,1,3,0,2,0,1,0,14,3,0,0,1,2,0,1,8,0,0,0,0,7,1,0
"F-018C1A",0,283,2,0,0,0,0,0,4545,0,0,0,6,141,0,0,0,0,13,5,0,0,0,1,0,5,1,158,12,0,0,0,2,2,0,0,35,0,54,9,1,0,0,78,23,14,1,0,0,60,117,0,0,1,62,0,52,2,50,1,17,0,31,0,2,0,3,0,0,0,35,0,0,0,0,0,0,18,0,7,0,0,0,0,0,0,0,6
"F-031C1U",0,3,5,0,0,0,0,0,6100,0,0,0,31,133,0,0,0,0,0,3,1,0,0,0,3,8,0,6,60,0,0,0,0,0,0,0,104,0,179,54,12,0,0,615,54,281,13,0,0,171,11,1,0,8,0,0,231,2,3,3,0,5,142,0,14,0,2,5,0,0,28,0,0,0,0,0,0,7,0,16,0,0,0,0,0,0,0,0
"F-024C2U",0,34,19,0,0,0,0,0,3541,0,0,0,0,143,0,0,0,0,0,7,0,0,0,0,0,26,0,6,1249,0,0,0,0,0,0,0,191,0,190,32,0,0,0,296,203,258,19,0,0,725,64,0,0,5,0,0,296,2,3,1,2,1,276,0,20,0,6,4,2,0,0,0,2,7,0,0,0,1,0,0,62,0,0,0,0,0,2,1
"F-045-C1A",0,5,8,0,0,0,0,0,5341,0,0,0,15,156,0,0,0,0,0,5,0,0,0,0,8,0,0,35,4,0,0,0,0,0,0,0,85,0,140,13,0,0,0,215,58,107,37,0,0,40,37,0,0,2,0,0,327,0,10,0,0,3,188,0,5,0,2,2,7,0,68,0,0,0,0,0,0,0,0,0,51,0,0,0,0,0,1,0
"F-062-C1A",0,428,0,0,0,0,1,2,382,0,10,0,2,30,5,0,69,0,0,175,0,0,0,0,0,19,2,548,2,0,0,0,9,0,0,0,71,0,75,0,0,0,0,184,59,73,11,0,0,43,267,0,0,5,27,0,732,2,9,0,32,8,8,19,1,0,8,0,1,2,24,0,0,0,19,0,7,0,0,0,1,2,0,0,0,0,0,7
"F-027C2U",0,32,11,0,0,0,1,0,4128,0,0,0,2,113,0,0,0,0,0,12,0,0,0,0,1,11,0,20,7,0,0,0,1,0,0,0,79,0,90,36,2,0,0,119,95,189,23,0,0,286,206,1,0,9,2,0,713,7,6,7,69,2,78,0,0,3,2,2,2,0,51,0,3,0,0,0,0,0,0,7,0,0,0,0,0,3,0,15
"N06",2,90,1,0,0,0,0,1,1890,36,84,1,4,60,0,0,10,0,0,5,0,0,0,0,1,12,1,220,55,0,0,0,1,3,0,0,120,0,62,28,1,0,0,97,12,81,78,0,0,260,302,3,0,0,31,0,334,31,11,7,5,8,65,22,1,3,22,4,21,0,18,0,1,0,0,0,1,2,0,16,1,0,0,0,0,7,13,0
"F-052-C1U",0,11,0,0,0,0,0,0,4915,0,0,0,24,84,0,0,0,0,0,33,0,0,0,0,2,27,3,42,2,0,0,0,28,1,1,0,105,0,232,23,0,0,0,262,21,335,77,0,0,737,169,7,0,1,1,1,262,5,14,3,6,0,245,0,44,0,3,2,0,0,30,0,0,1,0,0,0,0,0,15,0,0,0,0,0,0,1,4
"F-038-C1A",0,15,13,0,0,0,0,0,4169,0,0,0,0,0,0,0,1,0,0,13,0,0,0,1,0,59,1,13,4,0,0,0,0,0,0,0,54,0,62,15,1,0,0,52,140,85,44,0,0,370,178,5,0,6,4,0,235,2,15,0,13,1,117,0,0,2,5,7,3,0,0,0,71,0,0,0,0,0,0,16,0,0,0,0,0,0,0,0
"F063-C1U",0,151,0,0,0,0,0,0,1962,0,201,0,15,45,0,0,3,0,0,7,0,0,0,0,0,2,0,48,123,0,0,0,0,1,0,0,194,0,54,21,1,0,0,272,183,60,15,0,0,357,72,2,1,2,2,0,107,5,7,3,38,1,39,0,34,0,0,1,58,0,29,0,0,0,0,0,8,115,0,7,0,0,0,0,0,0,1,0
"F-003C2U",0,13,2,0,0,0,0,0,2490,21,0,0,14,82,0,0,0,0,0,7,0,0,0,11,0,7,1,47,8,0,1,0,2,0,0,0,75,1,251,30,20,0,0,269,6,207,4,0,0,31,112,3,0,5,9,0,1543,1,7,8,82,0,1,0,116,0,4,0,5,0,0,0,32,1,0,1,0,0,0,17,0,0,0,0,0,1,0,0
"F-048-C1A",0,2,68,0,0,0,2,6,1627,0,59,0,10,69,0,0,0,0,0,1,0,0,0,0,0,1,0,85,196,0,0,0,0,0,0,0,45,0,55,13,0,0,0,189,113,66,41,0,0,275,51,1,0,6,0,0,828,3,31,0,5,9,48,0,5,0,1,0,9,0,0,0,22,0,0,0,0,1,0,1,247,0,0,0,15,10,0,1
"A14",0,21,13,0,0,0,1,1,1786,2,88,1,4,101,3,0,0,0,0,75,0,0,0,1,1,2,1,38,31,0,0,0,2,2,1,0,164,0,93,19,0,0,0,164,21,207,20,0,0,574,74,1,0,4,4,0,357,13,64,11,70,7,52,0,7,0,3,1,3,0,1,0,106,0,0,0,0,1,0,19,0,0,0,0,0,0,1,0
"F-002C1A",0,685,13,0,0,0,3,1,526,0,33,0,2,44,0,1,0,0,0,1056,0,1,0,0,2,13,20,384,8,0,0,0,13,7,0,0,181,0,131,21,2,0,2,41,0,193,2,0,0,131,5488,0,1,3,0,9,58,22,96,0,610,2,36,0,17,12,10,0,4,0,12,0,7,0,0,0,2,0,0,1,0,0,0,0,0,2,0,11
"F-058-C2U",0,11,0,1,0,0,1,18,908,7,0,0,22,75,0,0,0,0,0,7,0,0,0,1,1,12,7,339,12,0,0,0,2,0,0,0,187,0,41,20,1,0,0,139,90,14,38,0,0,73,293,1,0,16,22,0,330,4,20,1,41,8,4,0,3,1,2,2,12,0,9,0,0,0,0,0,7,0,0,3,21,0,0,0,0,1,3,0
"A09",0,38,0,0,1,0,0,1,852,2,1,1,4,146,3,0,0,0,0,134,0,0,0,0,1,38,1,10,31,0,0,0,2,0,0,0,122,0,355,4,0,0,0,131,166,66,20,0,6,353,48,1,0,26,8,0,1164,3,6,0,58,17,732,0,11,1,3,3,52,0,1,0,2,8,0,0,0,1,1,21,0,0,0,0,0,0,1,0
"F-015C2U",0,28,12,0,0,0,0,0,2559,36,0,4,3,61,0,0,0,0,0,9,0,0,0,0,0,5,3,141,152,0,0,0,0,0,0,0,172,0,53,24,10,0,0,136,122,77,17,0,0,356,69,0,1,1,8,0,296,2,15,3,113,6,13,0,5,0,2,3,4,0,53,0,1,0,0,0,0,27,0,20,0,0,0,0,0,0,0,0
"F-004C2U",0,228,1,0,0,0,0,1,3240,4,0,0,0,243,0,0,0,0,0,9,0,0,0,0,0,3,0,35,20,0,0,0,0,0,0,0,68,0,118,77,2,0,0,142,9,81,10,0,0,14,41,5,0,1,12,0,450,72,20,7,0,0,57,0,1,0,1,3,0,0,9,0,0,0,0,0,0,1,0,0,3,0,0,0,0,0,0,53
"F-005C1A",0,0,38,0,0,0,0,0,3987,6,56,1,29,9,0,0,1,0,0,0,0,0,0,0,0,1,0,6,7,0,0,0,1,0,0,0,178,0,196,10,0,0,0,266,21,217,99,0,0,33,61,1,0,1,0,0,318,0,6,2,0,1,31,0,0,0,0,0,5,0,0,0,0,0,0,0,0,0,0,0,43,0,0,0,0,0,2,0
"F-017C1A",0,5,0,0,0,0,0,0,7172,0,0,0,65,183,0,0,0,0,0,0,0,0,0,0,0,7,0,26,1,0,0,0,2,0,0,0,36,0,18,31,0,0,0,78,18,7,0,0,0,25,8,5,0,0,17,0,317,1,4,2,0,0,0,0,19,0,2,4,1,0,0,0,8,0,0,0,0,0,0,22,0,0,0,0,0,0,0,57
"F-024C1A",0,31,27,0,0,0,0,0,1137,1,0,0,2,56,0,0,1,0,0,11,0,1,0,0,0,51,0,38,6,0,0,0,0,1,1,0,89,0,379,61,2,0,0,109,303,101,99,0,0,134,30,10,2,26,3,0,2080,15,30,7,2,0,116,0,6,0,5,4,9,0,0,0,16,1,0,0,0,9,0,1,80,0,0,1,0,0,1,11
"F-037-C1A",0,280,0,0,0,0,0,0,1253,1,1,0,0,15,0,0,33,0,0,13,0,7,0,1,4,46,0,37,145,0,0,0,3,0,0,0,152,0,83,25,0,0,0,92,108,69,11,0,0,636,206,4,0,10,40,0,169,4,50,3,53,4,26,0,8,0,2,4,28,1,0,0,54,1,3,0,0,1,0,16,2,1,1,0,0,0,11,0
"F-019C1A",0,1055,3,0,0,0,2,0,1377,0,205,0,6,98,0,5,0,0,0,48,0,0,0,0,0,0,7,235,19,0,0,0,28,1,0,0,58,0,7,44,0,0,0,31,1,196,1,0,0,543,233,6,0,0,14,0,7,4,95,0,28,0,12,0,7,1,8,0,18,0,0,2,0,0,0,0,39,1,0,1,0,0,0,0,0,1,0,13
"F-046-C2U",0,69,3,0,0,0,0,5,5740,13,9,1,71,44,0,0,0,0,0,2,0,1,0,0,2,9,2,40,123,0,0,0,0,1,0,0,52,0,47,6,0,0,0,193,27,102,35,0,1,863,217,1,0,5,1,0,108,1,9,0,64,12,133,0,4,9,0,0,45,0,13,0,0,0,0,0,28,0,0,0,26,0,0,0,0,0,2,4
"F-020C1A",0,5,11,0,0,0,0,0,2958,0,1,0,0,3,0,0,0,0,0,2,0,0,0,0,5,82,0,3,0,0,0,0,0,0,0,0,182,0,259,22,0,0,0,321,25,382,60,0,0,173,34,0,0,7,3,0,124,6,6,2,0,3,148,0,6,6,9,2,1,0,0,0,19,0,0,0,0,0,0,76,1,0,0,0,0,0,0,0
"A03",0,82,8,0,0,0,0,1,2147,2,1,1,33,6,3,0,0,0,0,5,0,0,0,0,1,2,1,82,31,0,0,0,2,0,0,0,110,0,128,11,0,0,0,159,21,66,20,0,0,509,216,1,0,6,78,0,300,3,12,0,34,4,64,0,3,0,0,1,15,0,1,0,31,0,0,0,0,1,0,4,0,0,0,0,0,0,1,1
"A11",0,6,20,0,0,0,0,1,516,2,1,1,4,59,3,0,0,0,0,10,0,0,0,0,1,21,1,10,31,0,0,0,2,6,0,0,131,0,143,11,1,0,0,552,21,66,99,0,0,111,178,27,0,4,1,0,70,2,1,0,4,0,33,0,8,0,0,0,3,0,1,0,2,0,0,0,12,1,0,1,0,0,0,0,0,0,1,37
"F-061-C2U",0,71,1,0,0,0,0,0,1833,0,0,0,5,23,0,0,0,0,0,15,0,0,0,0,0,5,1,273,28,0,0,0,1,0,0,0,98,0,81,2,0,0,0,152,25,47,18,0,1,79,230,0,0,1,0,3,1138,2,72,0,651,13,26,0,1,0,10,4,12,0,0,0,25,0,0,0,0,0,0,1,0,0,0,0,61,0,0,0
"F-013C1U",0,102,0,0,0,0,0,0,1304,0,231,0,6,47,2,0,0,0,0,3,0,1,6,0,0,18,5,87,280,0,0,0,1,0,0,0,35,0,7,3,0,0,0,120,8,27,37,0,0,704,201,4,0,0,141,0,95,2,144,1,629,28,18,0,1,1,4,1,74,0,0,0,16,1,0,0,12,0,0,1,0,0,0,0,0,0,2,0
"F-001C2U",2,28,112,0,0,0,1,0,4883,52,0,0,0,324,0,0,1,2,0,2,0,0,0,0,29,3,3,71,14,0,0,0,1,11,0,0,112,0,498,11,22,0,0,170,72,225,25,0,0,667,628,0,3,6,70,1,970,5,98,2,21,1,18,0,13,0,0,0,3,0,0,0,13,0,0,0,0,59,0,19,0,0,0,0,0,0,1,27
"F-023C2U",0,27,13,0,0,0,0,3,426,0,80,0,0,5,0,0,1,0,0,7,0,0,0,0,0,3,0,24,20,0,0,0,1,3,0,0,112,0,49,14,0,0,0,164,55,37,22,0,0,537,379,0,0,10,5,0,516,3,73,1,0,15,12,0,3,0,0,0,8,0,0,0,35,0,0,0,0,0,0,1,90,0,0,0,0,0,0,4
"N08",0,310,1,0,0,0,0,16,3384,2,1,1,4,106,0,2,0,0,0,9,0,0,0,0,1,2,1,101,55,0,0,0,1,0,0,0,35,0,62,6,2,3,0,67,12,81,17,0,0,16,255,0,1,3,0,0,320,0,114,0,62,1,5,22,3,0,2,0,2,0,1,0,1,0,0,0,1,2,0,1,8,0,0,0,0,0,1,0
"F-057-C1A",0,3,8,0,0,0,0,0,3811,0,1,0,13,215,0,0,3,0,0,0,0,0,0,0,2,3,0,6,3,0,0,0,0,3,0,0,116,0,123,32,0,0,0,123,95,163,52,0,0,136,14,3,0,3,1,0,165,1,13,2,94,2,58,0,0,1,1,4,1,0,29,0,11,0,0,4,0,0,0,0,0,0,0,1,0,1,0,2
"F-042-C1A",0,609,0,8,0,0,0,0,495,0,53,0,6,65,0,0,7,0,0,29,0,0,0,0,0,19,3,168,141,0,0,0,0,2,0,0,242,0,104,14,0,0,0,278,9,33,5,0,0,44,151,0,0,5,0,0,98,3,56,0,221,6,9,248,1,0,38,1,0,0,0,0,107,1,0,0,9,0,0,0,8,26,0,0,0,0,0,0
"N11",0,90,109,0,0,2,4,20,854,2,1,1,4,12,0,0,0,2,0,7,1,0,0,0,20,5,5,24,55,0,0,0,1,0,0,0,80,1,62,79,0,0,0,363,12,294,57,0,0,321,302,4,0,0,110,0,83,3,22,0,62,3,55,22,49,11,8,10,2,0,1,0,16,0,0,0,1,2,0,1,1,0,0,0,0,0,1,4
"F-056-C1A",0,151,6,0,0,0,0,0,2178,23,0,0,35,11,0,0,0,0,0,40,0,0,0,0,0,0,4,217,31,0,8,0,5,2,0,0,137,0,11,242,0,0,0,6,0,22,2,0,0,885,321,2,1,0,17,0,22,16,64,0,223,0,7,0,2,35,4,0,16,0,9,0,5,0,0,0,2,2,0,2,0,0,0,4,0,17,0,0
"F-012C1A",0,87,1,0,0,0,1,2,1333,0,24,0,5,20,3122,0,4,0,0,39,0,0,0,0,0,2,0,214,113,0,0,0,0,2,0,0,84,0,35,1,1,0,0,188,49,23,19,0,0,135,236,0,0,1,2,0,79,0,60,0,19,5,57,0,2,0,1,0,0,0,26,0,32,0,0,0,0,0,0,4,0,0,0,3,0,2,0,0
"F-010C1A",0,2,2,0,0,0,0,0,2429,0,0,0,4,8,0,0,0,0,0,4,0,0,0,0,0,1,0,23,3,0,0,0,0,1,0,0,46,0,61,2,0,0,0,162,16,68,23,0,0,139,106,1,0,0,0,0,198,0,1,0,0,1,18,0,10,6,0,0,0,0,0,0,9,0,0,0,0,0,0,2,0,0,0,0,0,0,0,48
"F-043-C1A",0,44,9,0,0,0,0,0,2469,0,0,0,0,87,0,0,0,0,0,5,0,0,0,0,0,112,3,8,7,0,0,0,0,0,0,0,173,0,68,16,0,0,0,278,18,141,17,0,0,122,6,2,0,4,20,0,334,2,2,1,431,0,74,0,0,8,0,1,6,0,0,0,13,0,0,0,0,0,0,21,0,0,0,1,0,2,3,10
"N12",0,3,3,0,0,0,0,1,5760,2,1,1,4,12,0,0,0,0,0,4,0,0,0,0,1,2,1,135,55,0,0,0,1,0,0,0,33,0,62,22,0,0,0,49,76,81,17,0,0,80,512,0,0,1,0,2,94,2,1,0,5,1,78,22,1,0,22,0,2,0,1,0,14,0,0,0,1,2,0,1,13,0,0,1,0,3,1,1
"F-029C2U",0,160,2,0,0,0,0,0,4309,2,0,5,12,49,2,0,2,0,0,15,0,0,0,0,0,4,5,119,23,0,0,0,10,2,0,0,82,0,40,8,0,0,0,227,13,65,40,0,0,138,330,2,0,1,10,0,319,0,24,0,158,7,13,0,2,0,1,1,8,0,1,0,10,0,0,0,0,0,0,5,0,0,0,0,0,0,0,2
"N19",0,10,20,0,0,0,6,1,1402,2,1,1,4,42,0,0,0,0,0,19,0,0,0,0,1,5,1,4,55,0,0,0,1,11,1,0,60,0,211,6,0,0,0,241,89,81,17,0,0,356,24,0,0,8,1,0,150,57,6,3,5,18,55,22,4,0,0,2,2,0,22,0,1,0,0,0,1,2,0,1,1,0,0,0,0,0,1,0
"F-039-C2U",0,12,1,0,0,0,0,0,1246,0,0,0,16,60,0,0,1228,0,0,4,1,0,0,0,0,7,1,38,1,0,0,0,0,0,0,0,160,0,48,28,0,0,0,81,34,106,19,0,0,218,128,1,0,8,3,0,101,1,2,0,54,4,1,0,4,0,2,0,0,0,0,0,60,0,0,0,0,0,0,0,37,0,0,0,0,0,4,4
"F-051-C1A",0,332,3,0,0,0,0,8,2097,20,15,1,22,32,0,0,1221,0,0,15,0,0,0,0,0,0,1,157,44,0,0,0,2,5,0,0,84,0,56,16,8,0,0,121,56,72,8,0,0,182,90,0,0,9,1,0,99,1,33,0,75,1,97,0,5,0,1,1,0,0,102,0,1,0,0,0,0,0,0,0,25,0,1,0,0,0,0,4
"F-025C2U",0,0,37,1,0,0,2,0,2776,1,0,0,6,8,0,0,0,0,0,0,0,1,0,0,0,2,0,31,32,0,0,0,10,1,0,2,73,0,119,13,1,0,0,112,1,217,25,0,0,93,65,5,0,0,3,0,956,3,128,0,608,0,16,0,5,3,3,0,0,2,6,0,0,0,1,0,0,0,0,0,11,0,0,0,0,0,0,17
"F-046-C1A",0,88,5,0,0,0,18,25,1170,28,0,0,22,109,58,7,160,0,21,5,0,0,0,0,0,5,2,178,52,0,0,0,3,2,0,0,40,0,34,4,0,0,0,64,41,22,10,0,0,754,539,2,0,2,0,0,91,3,455,3,6,7,1,0,8,0,0,0,93,0,9,0,115,0,0,0,0,0,3,1,13,7,0,0,0,0,0,0
"F064-C1A",0,147,1,14,0,0,1,0,4447,22,151,8,13,102,0,3,0,0,0,7,0,0,0,0,0,5,21,279,21,0,0,0,0,3,0,0,48,0,118,18,0,0,0,49,10,41,23,0,1,362,126,3,0,0,1,2,65,6,35,1,82,0,69,0,4,0,13,0,7,0,48,0,0,0,0,0,0,0,0,0,3,45,0,0,0,0,0,1
"F-042-C2U",0,64,12,0,0,0,6,0,1865,0,58,0,11,327,0,0,0,0,0,0,0,0,0,0,0,5,0,66,363,0,0,0,0,0,0,0,57,0,88,20,0,0,0,314,67,58,26,0,0,61,94,1,0,6,0,0,179,0,12,0,28,3,17,0,10,0,0,0,2,0,5,0,15,0,0,0,0,0,0,48,0,0,0,0,0,0,2,2
"F-014C1A",0,0,23,0,0,0,0,0,2593,0,51,0,0,250,137,0,0,0,0,5,0,0,0,0,0,1,0,2,0,0,0,0,0,0,0,0,102,0,153,5,0,0,0,225,15,44,48,0,0,68,172,0,0,0,0,0,258,2,7,2,1251,0,17,0,0,0,1,0,4,0,22,0,0,0,0,0,0,0,0,4,0,0,0,1,0,0,1,0
"N03",0,3,4,0,0,0,0,1,5339,2,51,1,4,12,0,0,0,0,0,7,0,0,0,0,1,2,1,36,55,0,0,0,1,1,0,0,75,0,62,16,7,0,0,15,12,81,17,0,0,189,46,2,0,0,31,0,104,2,7,0,5,0,222,22,4,1,2,1,21,0,1,0,1,0,0,0,1,81,0,1,1,0,0,1,0,0,1,0
"F-040-C1A",0,460,4,0,0,0,0,0,950,0,0,0,0,756,0,0,206,0,0,60,0,0,0,0,0,3,0,118,12,0,0,0,3,0,0,0,94,0,28,8,0,0,0,38,2,114,1,0,0,255,135,0,0,0,108,0,117,2,9,4,0,1,14,95,6,0,40,0,7,0,0,0,0,0,0,0,494,0,0,0,38,0,0,0,0,1,0,5
"A17",0,21,0,7,0,0,9,1,374,2,1,1,4,22,3,0,0,0,0,1,0,0,0,0,1,2,1,182,31,0,0,6,2,0,0,0,40,0,34,11,0,0,0,188,21,66,20,0,0,111,318,4,0,0,32,0,98,0,6,0,257,40,52,0,55,0,3,1,3,0,1,0,31,0,0,0,0,1,0,1,0,0,0,0,0,0,1,0
"F-014C2U",0,5,3,1,0,0,0,0,5269,0,0,0,3,19,0,0,1,0,0,2,0,0,0,0,0,5,0,3,4,0,0,0,0,0,0,0,40,0,178,1,0,0,0,380,3,54,12,0,0,13,50,0,0,0,22,0,432,0,0,0,117,0,10,0,1,2,2,1,0,0,5,0,0,0,0,0,0,0,0,1,0,0,0,1,0,0,0,1
"N09",0,3,4,0,0,0,0,9,1402,2,1,1,4,12,0,0,296,0,0,9,0,0,0,0,1,12,1,24,55,0,1,0,1,0,0,0,53,0,62,6,2,0,0,80,170,236,17,0,0,869,230,0,0,8,0,0,959,2,37,0,119,11,5,22,3,0,2,0,21,0,1,13,1,0,0,0,1,2,0,1,12,0,0,0,0,0,1,2
"F-025C1A",0,1,9,2,0,0,0,0,2287,1,0,0,0,102,0,0,1,0,0,5,0,0,0,0,0,41,0,40,84,1,0,6,8,1,0,0,112,0,131,46,0,0,0,352,32,171,36,2,8,87,281,2,0,4,2,0,203,9,11,0,104,4,66,0,4,0,6,9,16,0,6,0,7,4,0,0,0,0,0,48,0,0,27,0,0,1,1,0
"N20",0,209,3,13,0,0,2,1,2277,2,150,1,68,12,800,0,0,1,0,7,0,0,0,0,1,5,1,150,55,0,0,0,1,1,0,0,181,0,494,6,3,0,0,154,38,81,17,0,0,16,187,0,1,3,15,0,308,0,72,3,533,12,158,22,20,0,22,3,2,0,1,0,51,0,0,0,1,2,0,1,38,0,0,0,0,0,1,4
"F-004C1A",0,923,0,0,0,0,1,0,5459,1,0,1,0,63,0,0,0,1,0,2,0,0,0,0,0,4,0,30,1,0,0,0,0,0,0,0,90,0,252,46,8,0,0,277,19,125,27,0,0,8,40,18,1,1,24,0,68,10,3,4,0,0,273,0,9,12,1,2,0,0,10,0,0,0,0,0,0,4,0,0,11,0,0,0,0,0,0,172
"N10",0,170,5,0,0,0,0,9,576,2,1,1,4,12,0,0,1639,0,0,9,0,0,0,0,1,2,1,73,55,0,0,0,1,0,0,0,95,0,164,6,0,0,0,270,229,81,17,0,0,57,372,0,0,5,1,2,528,1,149,2,186,2,36,22,1,0,0,1,2,0,1,1,1,0,0,0,1,2,0,1,1,0,0,0,0,0,1,0
"F-060-C1A",0,21,1,0,0,0,0,0,1622,0,0,1,5,182,0,0,0,0,0,15,0,0,0,58,0,38,0,83,215,0,0,0,1,0,0,0,75,0,106,17,1,0,0,401,147,141,1,0,0,136,40,1,0,2,0,0,292,1,3,1,1,0,250,0,9,0,0,2,2,0,17,0,0,0,0,2,0,0,0,3,0,0,0,0,0,39,2,0
"F-054-C1A",0,17,13,0,0,0,1,7,2642,0,62,0,0,143,0,0,0,0,0,3,0,1,0,0,0,4,0,266,0,0,0,0,2,0,0,0,111,0,107,23,2,0,0,106,59,107,30,0,0,6,210,1,1,3,3,0,698,2,6,0,111,0,130,0,1,0,0,1,0,0,0,0,141,0,0,0,0,8,0,13,0,0,0,0,0,0,0,1
"F-007C2U",0,45,0,0,0,0,0,11,56,40,0,0,3,2,0,0,0,0,0,18,0,0,0,0,0,3,3,232,1268,0,0,0,0,3,0,5,12,0,10,0,0,0,0,11,0,6,1,0,43,1887,132,2,0,0,8,0,5,3,4,0,33,1,0,0,1,0,0,0,269,0,0,0,0,0,0,0,0,0,0,0,0,0,0,0,0,0,0,3
"A10",0,38,302,0,0,0,0,1,516,2,1,1,4,22,3,0,0,0,0,1,0,0,0,12,1,38,1,565,31,0,0,0,2,2,0,1,89,0,34,19,0,0,0,90,21,66,20,0,0,861,61,6,0,0,2,2,242,0,20,0,74,0,71,0,5,2,12,0,52,0,12,0,2,0,0,0,292,1,0,1,7,0,0,0,0,0,1,0
"A02",0,6,23,0,0,0,0,1,1384,2,1,1,4,59,3,0,0,0,0,13,0,1,2,0,1,54,1,10,31,0,0,0,2,3,0,0,100,0,34,34,0,0,0,63,21,66,20,0,0,651,74,18,0,5,0,0,35,2,6,1,4,0,10,0,6,0,2,0,3,0,1,0,2,0,0,0,0,1,0,1,0,0,0,0,0,0,1,42
"N04",0,233,13,0,0,0,1,1,576,2,58,1,4,106,0,0,0,0,0,5,0,0,0,0,1,33,1,258,55,0,0,0,1,1,0,0,62,0,164,16,4,0,0,209,38,81,17,0,0,417,617,14,0,1,20,5,107,5,133,7,186,3,70,22,18,1,52,8,2,0,52,0,14,0,0,0,1,2,0,16,1,0,0,0,0,0,1,4
"F-057-C2U",0,252,5,10,0,0,0,20,1574,0,49,3,37,163,0,0,0,0,0,42,0,0,0,0,1,8,5,51,1,0,0,0,0,0,0,1,189,0,90,11,3,0,0,150,5,98,45,0,0,330,62,0,0,1,51,0,170,1,76,2,77,16,1,0,69,0,1,1,2,0,0,0,37,0,0,0,12,0,0,45,0,0,0,0,0,0,0,7
"F-008C2U",0,52,0,2,0,0,0,0,1121,8,68,0,31,85,0,0,1292,0,0,26,0,0,0,0,0,2,0,112,5,0,0,0,0,3,1,0,78,0,74,3,2,0,0,71,26,61,14,0,0,57,220,1,0,10,1,0,372,2,27,0,127,1,20,0,1,0,9,0,4,0,0,0,52,0,0,0,0,0,0,0,4,0,0,0,0,1,1,1
"F-009C1A",0,5,11,0,0,0,0,0,2738,0,0,0,7,73,0,0,1,0,0,0,0,0,0,0,2,14,0,9,26,0,0,0,5,0,1,0,14,0,36,2,0,0,0,71,40,92,4,0,0,435,127,3,0,5,2,0,160,8,0,0,265,1,35,0,0,0,1,1,4,0,0,0,2,0,0,0,0,0,0,7,0,0,0,0,0,0,1,0
"F-050-C1A",0,154,2,0,0,0,0,6,1184,7,0,0,0,470,0,0,0,0,0,23,0,0,0,0,0,0,1,78,0,0,0,0,2,6,0,0,133,0,138,20,1,0,0,222,92,123,62,0,0,47,406,0,1,4,2,0,210,2,52,3,113,3,42,0,0,1,0,1,0,0,0,0,21,0,0,0,0,0,0,9,0,0,0,0,0,0,0,2
"F-021C1A",0,61,1,0,0,0,0,0,4148,0,1,0,0,1,0,0,0,0,0,4,1,0,0,0,7,12,0,186,33,0,0,0,0,2,0,0,174,0,36,15,3,0,0,343,354,96,9,0,0,325,241,2,0,2,4,0,680,2,44,0,120,11,39,0,44,1,1,12,25,0,0,0,38,0,0,0,0,0,0,11,0,0,0,0,0,0,0,0
"F-058-C1A",0,185,2,0,0,0,0,0,1369,7,0,0,24,65,0,61,2,1,0,13,0,0,0,0,0,3,5,208,11,0,0,0,0,5,0,0,72,0,33,11,0,0,0,126,23,48,28,0,0,21,92,0,0,6,33,0,148,2,29,0,6,12,10,0,9,0,2,1,2,0,7,0,0,0,0,0,3,1,0,0,5,12,0,0,0,0,0,0
"A19",0,116,0,0,0,0,0,1,1650,2,189,1,16,51,3,2,0,0,0,35,0,3,0,1,15,21,1,59,31,0,0,0,2,2,0,0,140,0,34,4,0,0,0,71,281,486,20,0,0,217,245,5,0,2,1,0,751,6,9,1,34,35,10,0,3,0,0,0,15,0,35,0,2,0,0,0,0,1,0,29,0,0,0,0,0,0,1,25
"F-062-C2U",0,6,20,0,0,0,1,0,673,1,0,0,1,5,0,0,5595,0,0,6,0,0,0,0,0,17,0,7,4,0,0,0,0,0,0,0,43,0,69,13,4,1,0,61,12,25,4,0,0,58,31,0,0,9,3,0,322,0,4,0,0,19,4,0,4,0,3,1,3,0,19,0,98,1,0,0,0,0,0,0,13,0,0,1,0,0,0,0
"A08",0,82,11,0,0,0,0,1,4286,2,1,1,4,51,3,0,0,0,0,5,0,0,0,0,1,2,1,31,31,0,1,0,2,0,0,0,56,0,34,4,6,0,0,25,21,139,20,0,0,50,48,8,0,2,1,0,181,3,10,2,4,0,10,0,6,0,0,1,3,0,44,0,2,0,0,0,0,1,0,1,25,0,0,0,0,0,1,0
"F-041-C2U",0,3,145,0,0,3,6,0,1442,0,27,16,2,34,0,0,2,0,0,2,0,0,0,0,0,2,0,75,14,0,0,0,0,0,0,0,23,0,17,2,0,0,0,19,28,30,282,0,0,57,95,3,1,8,0,0,594,3,11,1,6,19,12,0,1,0,0,0,0,0,0,0,0,2,0,0,0,0,0,17,0,0,0,0,0,0,0,4
"F-008C1A",0,10,13,0,0,0,6,3,425,0,123,33,13,121,0,0,0,0,0,20,0,0,0,0,0,0,10,81,14,0,0,0,0,0,0,0,21,0,24,10,0,0,0,6,37,12,99,0,0,4,131,0,0,7,4,0,184,2,64,0,1,0,3,0,1,0,0,1,20,0,0,0,20,0,0,0,0,0,0,21,0,0,0,0,0,1,1,20
"F-035-C1A",0,64,2,0,1,0,0,0,3406,0,3,16,9,31,0,0,0,4,0,21,0,0,0,0,0,10,8,30,6,0,1,0,1,2,1,1,126,0,192,26,1,0,0,594,108,132,21,0,0,297,80,0,0,4,2,0,533,10,25,6,251,0,6,0,92,0,3,5,21,1,62,0,3,0,0,0,12,0,0,0,3,0,0,0,0,0,0,2
"F-028C1A",0,5,6,0,0,0,0,0,5226,0,0,0,14,0,0,0,0,1,0,3,0,0,0,0,0,5,0,33,5,0,0,0,5,1,1,0,31,0,68,23,0,0,0,16,5,151,5,0,0,136,51,34,0,0,0,0,35,7,13,4,129,3,8,0,4,3,14,12,8,0,0,0,4,0,0,0,4,0,0,4,0,0,0,0,0,0,0,0
"F-023C1A",0,148,6,0,0,0,0,8,5693,0,42,0,1,35,0,0,0,0,0,1,0,0,0,0,0,8,1,90,9,0,0,0,0,0,0,0,38,0,41,6,0,0,0,219,53,62,4,0,0,90,327,4,0,2,20,0,93,2,11,2,0,12,40,0,2,2,1,1,4,0,0,0,0,0,0,0,0,0,0,0,38,41,0,0,0,0,0,3
"A07",0,6,10,0,0,0,0,1,5410,2,1,1,4,124,3,0,0,0,0,3,0,0,0,0,1,8,1,36,31,0,0,0,2,0,0,0,182,0,34,34,0,0,0,264,21,66,20,0,0,147,150,1,0,6,3,0,318,3,11,4,4,3,33,0,1,1,0,0,3,0,30,0,2,0,0,0,0,1,1,17,0,0,0,0,0,0,1,0
"N05",0,24,0,0,2,0,1,1,1890,2,1,1,4,42,0,28,0,0,0,1,0,0,0,6,1,64,7,194,616,0,0,0,1,1,0,0,69,1,164,46,0,0,0,296,61,236,178,0,0,466,1239,0,0,0,8,0,108,0,42,1,396,1,5,22,25,2,10,3,21,0,9,0,1,0,0,0,1,2,0,4,1,0,0,0,0,2,1,2
"F-030C1A",0,10,9,0,0,0,0,0,3258,42,1,4,9,127,0,0,1,0,0,31,0,0,0,0,2,60,13,664,42,0,0,0,7,4,0,0,111,0,197,21,0,0,0,91,13,139,48,0,0,173,795,5,2,2,5,0,89,7,42,1,12,2,142,1,43,1,17,5,5,0,41,0,0,0,3,0,0,0,0,0,6,1,0,0,0,0,1,2
"F-026C1A",0,6,160,3,1,0,0,80,2272,0,57,0,11,82,0,0,0,0,0,0,0,0,0,0,0,3,2,74,11,0,0,0,0,2,0,0,25,0,20,7,0,0,0,54,0,99,15,0,0,271,501,8,5,0,1,0,161,53,32,9,435,40,6,0,2,1,21,4,4,0,0,0,105,0,0,0,0,0,0,13,0,0,0,0,0,0,0,118
"F-054-C2U",0,57,11,0,0,0,1,9,2794,0,19,0,0,55,0,0,0,0,0,5,0,0,0,3,5,1,0,19,87,0,0,0,1,0,0,0,73,0,91,13,1,0,0,221,69,61,16,0,0,97,173,0,0,8,42,0,246,2,4,0,121,2,54,0,4,0,0,0,0,0,0,0,29,0,0,0,0,0,0,29,0,0,0,0,0,1,1,0
"F-002C2U",0,1410,1,0,0,0,4,0,579,1,91,0,15,29,0,28,424,0,0,67,0,0,0,1,2,10,2,78,30,1,0,1,4,3,0,0,150,0,159,8,2,0,0,137,10,317,16,0,0,177,458,1,0,1,88,0,428,1,20,1,416,20,173,0,7,0,1,1,2,0,113,0,1,0,0,0,0,0,0,0,3,0,0,0,0,0,0,4
"A15",0,6,2,0,0,0,0,1,4580,2,1,1,4,6,3,0,0,0,4,1,0,0,0,0,1,8,1,10,31,1,0,0,2,0,0,0,66,0,34,72,0,0,0,25,21,66,20,0,0,147,31,1,0,0,0,0,8,30,1,0,406,0,10,0,8,6,86,0,3,0,1,0,2,39,0,0,0,1,0,10,0,0,0,0,6,1,1,29
"F-018C2U",0,10,8,0,0,0,0,0,6899,0,0,0,4,49,0,0,0,0,0,14,0,0,0,0,0,64,0,9,69,0,0,0,0,0,0,1,93,0,60,10,0,0,0,104,70,121,16,0,0,153,28,0,0,2,0,0,150,0,23,6,0,1,70,0,14,0,0,0,8,0,11,0,0,0,0,0,0,0,0,3,0,0,0,0,0,0,4,0
"A18",0,6,48,0,0,0,0,1,3031,2,36,1,4,182,3,2,0,0,0,1,0,0,0,0,1,66,1,90,31,0,0,0,2,0,0,0,77,1,143,24,0,0,0,175,21,66,20,0,0,291,9,1,0,2,8,0,162,8,4,2,4,5,10,0,9,2,3,8,3,62,21,0,2,0,0,0,0,1,0,13,0,0,0,0,6,39,1,0
"F-036-C1A",0,3,0,0,0,0,0,0,4238,0,28,5,0,19,0,0,0,0,0,2,0,1,0,0,2,16,0,4,122,0,0,0,0,0,0,0,69,0,169,19,0,0,0,168,198,130,26,0,0,359,56,0,0,0,0,0,115,0,7,0,76,5,53,0,5,0,0,1,66,0,0,0,22,3,0,3,0,0,0,18,0,0,0,0,0,0,23,0
"F-044-C2U",0,1,9,0,0,0,2,0,1257,0,0,0,0,28,1199,25,0,0,0,5,0,0,0,1,2,47,0,9,64,0,0,0,0,1,0,0,72,0,123,17,1,0,0,150,62,124,33,0,0,337,51,0,0,3,0,0,86,0,6,0,48,2,28,0,1,0,2,1,10,0,17,0,13,0,0,0,0,0,0,11,0,0,0,0,0,0,7,0
"F-021C2U",0,14,14,1,0,0,0,0,1558,0,0,0,7,145,0,0,0,0,0,16,0,0,0,0,0,25,0,81,46,0,0,0,0,0,0,0,186,0,104,22,1,0,0,149,240,181,89,0,0,113,255,0,0,17,2,0,862,13,20,0,38,20,7,0,20,2,2,1,6,0,0,0,19,1,0,0,0,0,0,20,0,0,0,0,0,2,1,2
"F-009C2U",0,16,2,0,0,0,0,0,598,0,0,0,2,27,0,0,1,0,0,2,0,0,0,0,1,15,0,68,38,0,0,0,0,8,0,0,23,0,26,4,0,0,0,244,13,34,10,0,0,226,523,0,0,1,13,0,83,1,20,2,38,2,37,0,6,0,5,1,1,3,0,0,14,0,0,0,0,0,0,0,4,0,0,0,0,0,0,1
"F-022C2U",0,5,4,0,1,0,0,0,2565,0,71,23,23,92,0,0,3,0,0,19,0,0,0,0,0,17,0,115,44,0,0,4,12,1,0,0,375,0,135,77,0,0,0,77,14,96,86,0,0,416,418,6,3,3,1,5,28,35,143,3,48,18,88,0,0,2,39,0,91,0,29,0,0,0,0,0,0,0,0,1,0,0,3,1,0,2,2,0
"F-061-C1A",0,12,43,4,0,0,0,0,1649,0,0,0,22,70,0,0,3,0,0,9,0,0,0,0,0,7,1,105,40,1,0,0,2,12,0,0,36,0,46,31,0,0,0,51,13,71,19,0,0,336,354,47,1,0,41,0,43,26,298,11,334,31,38,1,11,0,95,2,144,0,0,0,4,0,0,0,0,0,0,3,0,0,0,2,0,2,0,38
"F-047-C1A",0,45,8,0,0,0,10,0,808,15,0,19,0,54,0,0,0,0,0,30,0,0,0,8,7,2,10,233,111,0,0,0,4,2,0,0,45,0,115,66,0,0,0,95,3,81,34,0,0,798,556,5,0,1,26,0,102,8,61,2,351,5,48,0,14,0,3,1,7,0,0,0,11,0,0,0,0,0,0,0,20,0,0,0,0,7,0,5
"F066-C1A",0,9,5,0,0,0,0,14,866,0,54,4,0,78,0,10,0,0,0,7,0,0,0,0,0,0,0,100,17,0,0,0,6,1,0,0,35,0,31,7,0,2,0,83,19,9,8,0,1,282,876,6,0,1,21,0,71,3,201,0,128,9,17,0,2,0,1,3,7,34,0,0,117,0,0,0,0,36,0,1,3,28,0,0,0,0,0,2
"F-030C2U",0,2,7,0,0,0,0,0,3786,15,0,0,16,41,0,0,0,1,0,76,0,0,0,0,3,41,0,264,69,0,0,0,2,0,1,0,122,0,731,48,2,0,0,162,22,244,2,0,0,570,201,12,0,3,0,0,65,2,9,5,0,3,38,0,71,0,3,3,0,0,13,0,1,0,0,0,0,1,0,2,1,0,2,0,0,0,0,0
"F-059-C1A",0,2,0,0,0,0,0,0,4695,38,0,0,18,164,0,0,1,0,0,6,0,0,0,0,0,4,0,106,3,0,0,0,3,2,0,0,83,0,238,30,0,0,0,160,4,119,11,0,0,47,44,2,0,2,33,0,38,4,24,3,98,4,1,0,71,1,2,2,1,0,0,0,47,0,0,0,0,0,0,17,0,0,0,0,0,0,0,26
"F-020C2U",0,8,1,0,0,0,0,0,593,1,0,0,9,47,0,0,0,0,0,8,0,0,0,0,0,3,0,16,3,0,1,0,0,0,0,0,78,0,22,151,2,0,0,329,1,31,3,0,0,0,4511,3,0,0,3,0,1469,2,51,15,27,1,47,0,160,11,0,0,0,0,0,0,82,2,0,0,0,0,0,4,0,0,0,0,0,0,0,3
"F-007C1A",0,448,0,0,0,0,0,11,1591,11,0,0,12,51,0,0,0,0,0,134,0,0,0,1,0,2,0,279,88,0,1,0,1,2,0,0,50,0,67,2,0,0,0,76,3,52,2,0,1,439,106,4,0,2,14,4,168,13,27,2,101,0,16,0,5,0,1,1,41,0,0,0,32,2,0,0,0,0,0,0,0,1,1,0,0,1,0,1
"A12",0,148,0,0,0,0,3,1,1087,2,1,1,4,59,3,0,0,0,0,22,0,1,0,0,1,8,1,111,31,0,0,0,2,5,0,0,221,0,186,146,0,0,5,284,120,207,20,0,0,752,400,4,2,8,42,0,138,7,9,1,547,28,10,0,42,0,23,4,52,0,1,0,44,0,0,0,0,1,0,1,0,0,0,0,0,1,1,106
"F-028C2U",0,190,15,0,0,0,0,0,3716,16,0,0,86,10,0,0,19,0,0,9,0,0,0,0,3,6,0,266,7,0,1,0,10,6,0,1,50,0,10,17,7,0,0,38,9,94,1,0,0,266,562,18,0,0,15,0,64,5,40,0,119,3,26,0,27,0,8,2,4,0,0,0,11,0,0,0,0,0,0,0,0,0,0,0,0,0,0,0
"F-001C1A",0,24,64,0,0,0,0,0,348,0,0,0,0,9,0,0,0,0,0,50,0,0,0,0,50,19,190,899,2,0,0,0,31,2,0,0,45,0,337,22,7,0,0,338,2,243,0,0,0,29,1719,1,0,1,1,1,1568,7,8,2,83,2,919,0,1,0,6,1,3,0,0,0,303,7,0,0,0,0,0,14,0,0,1,2,0,4,0,1
"F066-C2U",0,124,14,0,0,0,0,6,4377,0,0,4,0,303,0,0,0,0,0,3,1,0,0,0,0,1,0,34,347,0,0,0,9,0,0,0,68,0,30,13,0,3,0,210,162,50,5,0,7,1353,299,4,0,3,2,0,126,9,5,2,147,1,36,0,4,0,2,2,110,0,0,0,15,0,0,0,0,29,0,3,1,36,0,0,0,0,1,26
"A04",0,6,2,0,0,0,0,1,2338,40,54,1,33,80,3,0,649,0,0,3,0,0,0,0,1,2,1,31,31,0,0,0,2,0,0,0,245,0,93,11,1,0,0,111,190,66,20,0,0,5,1455,1,0,10,3,0,320,0,490,3,112,1,42,0,3,0,0,1,3,0,1,0,63,0,0,0,0,1,0,22,0,10,0,0,0,0,1,2
"N14",0,90,7,0,0,0,1,1,2500,2,1,24,4,144,0,0,0,0,0,3,0,0,0,0,1,2,1,75,55,0,0,0,14,0,0,0,45,0,62,16,2,0,0,126,12,81,57,0,0,100,129,0,26,1,2,0,40,1,73,2,5,0,23,22,3,9,0,2,2,0,1,0,1,0,0,0,1,2,0,4,24,19,3,0,0,0,1,19
"A06",0,166,3,0,0,0,0,1,3289,2,144,1,4,70,3,0,0,0,0,50,0,0,0,3,1,8,1,170,31,0,0,0,18,1,0,0,45,0,93,4,0,0,0,152,21,66,20,0,0,353,201,3,0,0,4,0,148,2,16,8,74,3,10,0,88,0,3,4,3,0,67,0,2,0,0,0,40,1,0,6,0,0,0,0,0,0,1,0
"F-003C1A",0,13,12,0,0,0,0,0,5364,0,0,0,0,17,0,0,0,0,0,18,0,7,0,0,0,45,0,19,165,0,0,0,0,0,0,0,251,0,171,88,0,0,0,528,396,405,30,0,0,482,19,2,0,9,5,0,323,1,5,0,5,4,7,0,39,0,30,3,40,0,0,0,16,54,0,0,0,0,0,39,0,0,0,8,0,61,21,0
"A05",0,789,6,0,0,0,0,1,2696,29,1,1,16,373,3,0,0,0,0,9,0,0,0,1,1,18,1,230,31,0,0,1,2,1,0,0,60,0,224,11,0,0,1,215,77,66,20,0,0,217,103,6,2,0,3,0,59,2,42,0,81,1,10,0,15,0,6,0,3,0,1,0,20,0,0,3,0,1,0,1,0,0,0,0,0,0,1,172
"F-017C2U",0,1,0,0,0,0,0,0,6209,0,0,0,1,0,0,0,0,0,0,0,0,0,0,0,0,0,0,5,0,0,0,0,0,0,0,1,33,0,187,5,2,0,0,20,33,52,11,0,0,116,0,1,0,0,3,0,197,0,2,1,1,0,52,0,1,0,0,2,0,0,0,0,20,0,0,0,0,0,0,0,8,0,0,0,0,0,0,1
"F-032C1A",0,15,302,0,0,0,0,0,5746,2,0,0,6,54,0,0,0,0,0,5,0,0,0,0,0,18,0,36,1,0,0,0,2,0,0,0,119,2,142,20,1,0,0,88,21,728,54,0,0,43,126,0,0,2,0,0,71,8,7,6,190,28,5,0,3,2,8,7,1,0,0,0,12,0,0,0,0,0,0,7,0,0,0,0,0,0,1,27
